"2022-08-26 10:15:19",63089d36ece4f,eyJhbGciOiJIUzI1NiIsInR5cCI6IkpXVCJ9.eyJzdWIiOiIxMjM0NTY3ODkwIiwibmFtZSI6Ik91dGJvdW5kLXRlc3QiLCJpYXQiOjE1MTYyMzkwMjJ9.EsfnwKJ9jR4loC4Plz0Udl-W_60lFvdTpPDvT_1H7Bg,+916282950307,+912262604715,"[{""CONNECT_GROUP"":{""participants"":[{""number"":""+916282950307"",""callerId"":""+912262604747""}]}},{""HANGUP"":""true""}]","{""guId"":""91E7261C-0357-EA11-A811-000D3A0A91461"",""dealerCode"":""6115"",""customerMobile"":""8138961334"",""complianceAgentId"":""123455""}"
"2022-08-26 10:16:31",63089d7e93d20,eyJhbGciOiJIUzI1NiIsInR5cCI6IkpXVCJ9.eyJzdWIiOiIxMjM0NTY3ODkwIiwibmFtZSI6Ik91dGJvdW5kLXRlc3QiLCJpYXQiOjE1MTYyMzkwMjJ9.EsfnwKJ9jR4loC4Plz0Udl-W_60lFvdTpPDvT_1H7Bg,,,"[{""CONNECT_GROUP"":{""participants"":[{""number"":""+916282950307"",""callerId"":""+912262604747""}]}},{""HANGUP"":""true""}]",
"2022-08-26 10:20:10",63089e59e825b,eyJhbGciOiJIUzI1NiIsInR5cCI6IkpXVCJ9.eyJzdWIiOiIxMjM0NTY3ODkwIiwibmFtZSI6Ik91dGJvdW5kLXRlc3QiLCJpYXQiOjE1MTYyMzkwMjJ9.EsfnwKJ9jR4loC4Plz0Udl-W_60lFvdTpPDvT_1H7Bg,+916282950307,+912262604715,"[{""CONNECT_GROUP"":{""participants"":[{""number"":""+916282950307"",""callerId"":""+912262604747""}]}},{""HANGUP"":""true""}]","{""guId"":""91E7261C-0357-EA11-A811-000D3A0A91461"",""dealerCode"":""6115"",""customerMobile"":""8138961334"",""complianceAgentId"":""123455""}"
"2022-08-26 10:22:55",63089efed7e8c,eyJhbGciOiJIUzI1NiIsInR5cCI6IkpXVCJ9.eyJzdWIiOiIxMjM0NTY3ODkwIiwibmFtZSI6Ik91dGJvdW5kLXRlc3QiLCJpYXQiOjE1MTYyMzkwMjJ9.EsfnwKJ9jR4loC4Plz0Udl-W_60lFvdTpPDvT_1H7Bg,+916282950307,+912262604715,"[{""CONNECT_GROUP"":{""participants"":[{""number"":""+916282950307"",""callerId"":""+912262604747""}]}},{""HANGUP"":""true""}]","{""guId"":""91E7261C-0357-EA11-A811-000D3A0A91461"",""dealerCode"":""6115"",""customerMobile"":""8138961334"",""complianceAgentId"":""123455""}"
"2022-08-29 05:29:07",630c4ea08ae14,eyJhbGciOiJIUzI1NiIsInR5cCI6IkpXVCJ9.eyJzdWIiOiIxMjM0NTY3ODkwIiwibmFtZSI6Ik91dGJvdW5kLXRlc3QiLCJpYXQiOjE1MTYyMzkwMjJ9.EsfnwKJ9jR4loC4Plz0Udl-W_60lFvdTpPDvT_1H7Bg,+916282950307,+912262604715,"[{""CONNECT_GROUP"":{""participants"":[{""number"":""+916282950307"",""callerId"":""+912262604747""}]}},{""HANGUP"":""true""}]","{""guId"":""91E7261C-0357-EA11-A811-000D3A0A91461"",""dealerCode"":""6115"",""customerMobile"":""8138961334"",""complianceAgentId"":""123455""}"
"2022-08-29 05:34:23",630c4fdfce1d7,eyJhbGciOiJIUzI1NiIsInR5cCI6IkpXVCJ9.eyJzdWIiOiIxMjM0NTY3ODkwIiwibmFtZSI6Ik91dGJvdW5kLXRlc3QiLCJpYXQiOjE1MTYyMzkwMjJ9.EsfnwKJ9jR4loC4Plz0Udl-W_60lFvdTpPDvT_1H7Bg,+916282950307,+912262604715,"[{""CONNECT_GROUP"":{""participants"":[{""number"":""+916282950307"",""callerId"":""+912262604747""}]}},{""HANGUP"":""true""}]","{""guId"":""91E7261C-0357-EA11-A811-000D3A0A91461"",""dealerCode"":""6115"",""customerMobile"":""8138961334"",""complianceAgentId"":""123455""}"
"2022-08-29 05:57:52",630c555f331cb,eyJhbGciOiJIUzI1NiIsInR5cCI6IkpXVCJ9.eyJzdWIiOiIxMjM0NTY3ODkwIiwibmFtZSI6Ik91dGJvdW5kLXRlc3QiLCJpYXQiOjE1MTYyMzkwMjJ9.EsfnwKJ9jR4loC4Plz0Udl-W_60lFvdTpPDvT_1H7Bg,+916282950307,+912262604715,"[{""CONNECT_GROUP"":{""participants"":[{""number"":""+916282950307"",""callerId"":""+912262604747""}]}},{""HANGUP"":""true""}]","{""guId"":""91E7261C-0357-EA11-A811-000D3A0A91461"",""dealerCode"":""6115"",""customerMobile"":""8138961334"",""complianceAgentId"":""123455""}"
"2022-08-29 05:58:49",630c55996cbee,eyJhbGciOiJIUzI1NiIsInR5cCI6IkpXVCJ9.eyJzdWIiOiIxMjM0NTY3ODkwIiwibmFtZSI6Ik91dGJvdW5kLXRlc3QiLCJpYXQiOjE1MTYyMzkwMjJ9.EsfnwKJ9jR4loC4Plz0Udl-W_60lFvdTpPDvT_1H7Bg,+916282950307,+912262604715,"[{""CONNECT_GROUP"":{""participants"":[{""number"":""+916282950307"",""callerId"":""+912262604747""}]}},{""HANGUP"":""true""}]","{""guId"":""91E7261C-0357-EA11-A811-000D3A0A91461"",""dealerCode"":""6115"",""customerMobile"":""8138961334"",""complianceAgentId"":""123455""}"
"2022-08-29 06:02:33",630c567939b57,eyJhbGciOiJIUzI1NiIsInR5cCI6IkpXVCJ9.eyJzdWIiOiIxMjM0NTY3ODkwIiwibmFtZSI6Ik91dGJvdW5kLXRlc3QiLCJpYXQiOjE1MTYyMzkwMjJ9.EsfnwKJ9jR4loC4Plz0Udl-W_60lFvdTpPDvT_1H7Bg,+916282950307,+912262604715,"[{""CONNECT_GROUP"":{""participants"":[{""number"":""+916282950307"",""callerId"":""+912262604747""}]}},{""HANGUP"":""true""}]","{""guId"":""91E7261C-0357-EA11-A811-000D3A0A91461"",""dealerCode"":""6115"",""customerMobile"":""8138961334"",""complianceAgentId"":""123455""}"
"2022-08-29 06:06:03",630c574ac90ed,eyJhbGciOiJIUzI1NiIsInR5cCI6IkpXVCJ9.eyJzdWIiOiIxMjM0NTY3ODkwIiwibmFtZSI6Ik91dGJvdW5kLXRlc3QiLCJpYXQiOjE1MTYyMzkwMjJ9.EsfnwKJ9jR4loC4Plz0Udl-W_60lFvdTpPDvT_1H7Bg,+916282950307,+912262604715,"[{""CONNECT_GROUP"":{""participants"":[{""number"":""+916282950307"",""callerId"":""+912262604747""}]}},{""HANGUP"":""true""}]","{""guId"":""91E7261C-0357-EA11-A811-000D3A0A91461"",""dealerCode"":""6115"",""customerMobile"":""8138961334"",""complianceAgentId"":""123455""}"
"2022-08-29 06:07:58",630c57be77bf3,eyJhbGciOiJIUzI1NiIsInR5cCI6IkpXVCJ9.eyJzdWIiOiIxMjM0NTY3ODkwIiwibmFtZSI6Ik91dGJvdW5kLXRlc3QiLCJpYXQiOjE1MTYyMzkwMjJ9.EsfnwKJ9jR4loC4Plz0Udl-W_60lFvdTpPDvT_1H7Bg,+916282950307,+912262604715,"[{""CONNECT_GROUP"":{""participants"":[{""number"":""+916282950307"",""callerId"":""+912262604747""}]}},{""HANGUP"":""true""}]","{""guId"":""91E7261C-0357-EA11-A811-000D3A0A91461"",""dealerCode"":""6115"",""customerMobile"":""8138961334"",""complianceAgentId"":""123455""}"
"2022-08-29 06:09:35",630c581f1ab8d,eyJhbGciOiJIUzI1NiIsInR5cCI6IkpXVCJ9.eyJzdWIiOiIxMjM0NTY3ODkwIiwibmFtZSI6Ik91dGJvdW5kLXRlc3QiLCJpYXQiOjE1MTYyMzkwMjJ9.EsfnwKJ9jR4loC4Plz0Udl-W_60lFvdTpPDvT_1H7Bg,+916282950307,+912262604715,"[{""CONNECT_GROUP"":{""participants"":[{""number"":""+916282950307"",""callerId"":""+912262604747""}]}},{""HANGUP"":""true""}]","{""guId"":""91E7261C-0357-EA11-A811-000D3A0A91461"",""dealerCode"":""6115"",""customerMobile"":""8138961334"",""complianceAgentId"":""123455""}"
"2022-08-29 06:13:26",630c590639dbc,eyJhbGciOiJIUzI1NiIsInR5cCI6IkpXVCJ9.eyJzdWIiOiIxMjM0NTY3ODkwIiwibmFtZSI6Ik91dGJvdW5kLXRlc3QiLCJpYXQiOjE1MTYyMzkwMjJ9.EsfnwKJ9jR4loC4Plz0Udl-W_60lFvdTpPDvT_1H7Bg,+916282950307,+912262604715,"[{""CONNECT_GROUP"":{""participants"":[{""number"":""+916282950307"",""callerId"":""+912262604747""}]}},{""HANGUP"":""true""}]","{""guId"":""91E7261C-0357-EA11-A811-000D3A0A91461"",""dealerCode"":""6115"",""customerMobile"":""8138961334"",""complianceAgentId"":""123455""}"
"2022-08-29 06:26:21",630c5c0d52d93,eyJhbGciOiJIUzI1NiIsInR5cCI6IkpXVCJ9.eyJzdWIiOiIxMjM0NTY3ODkwIiwibmFtZSI6Ik91dGJvdW5kLXRlc3QiLCJpYXQiOjE1MTYyMzkwMjJ9.EsfnwKJ9jR4loC4Plz0Udl-W_60lFvdTpPDvT_1H7Bg,+916282950307,+912262604715,"[{""CONNECT_GROUP"":{""participants"":[{""number"":""+916282950307"",""callerId"":""+912262604747""}]}},{""HANGUP"":""true""}]","{""guId"":""91E7261C-0357-EA11-A811-000D3A0A91461"",""dealerCode"":""6115"",""customerMobile"":""8138961334"",""complianceAgentId"":""123455""}"
"2022-08-29 06:27:55",630c5c6b344a8,eyJhbGciOiJIUzI1NiIsInR5cCI6IkpXVCJ9.eyJzdWIiOiIxMjM0NTY3ODkwIiwibmFtZSI6Ik91dGJvdW5kLXRlc3QiLCJpYXQiOjE1MTYyMzkwMjJ9.EsfnwKJ9jR4loC4Plz0Udl-W_60lFvdTpPDvT_1H7Bg,+916282950307,+912262604715,"[{""CONNECT_GROUP"":{""participants"":[{""number"":""+916282950307"",""callerId"":""+912262604747""}]}},{""HANGUP"":""true""}]","{""guId"":""91E7261C-0357-EA11-A811-000D3A0A91461"",""dealerCode"":""6115"",""customerMobile"":""8138961334"",""complianceAgentId"":""123455""}"
"2022-08-29 06:31:50",630c5d55b390f,eyJhbGciOiJIUzI1NiIsInR5cCI6IkpXVCJ9.eyJzdWIiOiIxMjM0NTY3ODkwIiwibmFtZSI6Ik91dGJvdW5kLXRlc3QiLCJpYXQiOjE1MTYyMzkwMjJ9.EsfnwKJ9jR4loC4Plz0Udl-W_60lFvdTpPDvT_1H7Bg,+916282950307,+912262604715,"[{""CONNECT_GROUP"":{""participants"":[{""number"":""+916282950307"",""callerId"":""+912262604747""}]}},{""HANGUP"":""true""}]","{""guId"":""91E7261C-0357-EA11-A811-000D3A0A91461"",""dealerCode"":""6115"",""customerMobile"":""8138961334"",""complianceAgentId"":""123455""}"
"2022-08-29 06:34:13",630c5de4d62e8,eyJhbGciOiJIUzI1NiIsInR5cCI6IkpXVCJ9.eyJzdWIiOiIxMjM0NTY3ODkwIiwibmFtZSI6Ik91dGJvdW5kLXRlc3QiLCJpYXQiOjE1MTYyMzkwMjJ9.EsfnwKJ9jR4loC4Plz0Udl-W_60lFvdTpPDvT_1H7Bg,+916282950307,+912262604715,"[{""CONNECT_GROUP"":{""participants"":[{""number"":""+916282950307"",""callerId"":""+912262604747""}]}},{""HANGUP"":""true""}]","{""guId"":""91E7261C-0357-EA11-A811-000D3A0A91461"",""dealerCode"":""6115"",""customerMobile"":""8138961334"",""complianceAgentId"":""123455""}"
"2022-08-29 06:43:26",630c600dc7278,eyJhbGciOiJIUzI1NiIsInR5cCI6IkpXVCJ9.eyJzdWIiOiIxMjM0NTY3ODkwIiwibmFtZSI6Ik91dGJvdW5kLXRlc3QiLCJpYXQiOjE1MTYyMzkwMjJ9.EsfnwKJ9jR4loC4Plz0Udl-W_60lFvdTpPDvT_1H7Bg,+916282950307,+912262604715,"[{""CONNECT_GROUP"":{""participants"":[{""number"":""+916282950307"",""callerId"":""+912262604747""}]}},{""HANGUP"":""true""}]","{""guId"":""91E7261C-0357-EA11-A811-000D3A0A91461"",""dealerCode"":""6115"",""customerMobile"":""8138961334"",""complianceAgentId"":""123455""}"
"2022-08-29 06:44:48",630c606096cda,eyJhbGciOiJIUzI1NiIsInR5cCI6IkpXVCJ9.eyJzdWIiOiIxMjM0NTY3ODkwIiwibmFtZSI6Ik91dGJvdW5kLXRlc3QiLCJpYXQiOjE1MTYyMzkwMjJ9.EsfnwKJ9jR4loC4Plz0Udl-W_60lFvdTpPDvT_1H7Bg,+916282950307,+912262604715,"[{""CONNECT_GROUP"":{""participants"":[{""number"":""+916282950307"",""callerId"":""+912262604747""}]}},{""HANGUP"":""true""}]","{""guId"":""91E7261C-0357-EA11-A811-000D3A0A91461"",""dealerCode"":""6115"",""customerMobile"":""8138961334"",""complianceAgentId"":""123455""}"
"2022-08-29 06:46:17",630c60b8dc1d3,eyJhbGciOiJIUzI1NiIsInR5cCI6IkpXVCJ9.eyJzdWIiOiIxMjM0NTY3ODkwIiwibmFtZSI6Ik91dGJvdW5kLXRlc3QiLCJpYXQiOjE1MTYyMzkwMjJ9.EsfnwKJ9jR4loC4Plz0Udl-W_60lFvdTpPDvT_1H7Bg,+916282950307,+912262604715,"[{""CONNECT_GROUP"":{""participants"":[{""number"":""+916282950307"",""callerId"":""+912262604747""}]}},{""HANGUP"":""true""}]","{""guId"":""91E7261C-0357-EA11-A811-000D3A0A91461"",""dealerCode"":""6115"",""customerMobile"":""8138961334"",""complianceAgentId"":""123455""}"
"2022-08-29 06:46:56",630c60e02978b,eyJhbGciOiJIUzI1NiIsInR5cCI6IkpXVCJ9.eyJzdWIiOiIxMjM0NTY3ODkwIiwibmFtZSI6Ik91dGJvdW5kLXRlc3QiLCJpYXQiOjE1MTYyMzkwMjJ9.EsfnwKJ9jR4loC4Plz0Udl-W_60lFvdTpPDvT_1H7Bg,+916282950307,+912262604715,"[{""CONNECT_GROUP"":{""participants"":[{""number"":""+916282950307"",""callerId"":""+912262604747""}]}},{""HANGUP"":""true""}]","{""guId"":""91E7261C-0357-EA11-A811-000D3A0A91461"",""dealerCode"":""6115"",""customerMobile"":""8138961334"",""complianceAgentId"":""123455""}"
"2022-08-29 07:00:45",630c641c9ccba,eyJhbGciOiJIUzI1NiIsInR5cCI6IkpXVCJ9.eyJzdWIiOiIxMjM0NTY3ODkwIiwibmFtZSI6Ik91dGJvdW5kLXRlc3QiLCJpYXQiOjE1MTYyMzkwMjJ9.EsfnwKJ9jR4loC4Plz0Udl-W_60lFvdTpPDvT_1H7Bg,+916282950307,+912262604715,"[{""CONNECT_GROUP"":{""participants"":[{""number"":""+916282950307"",""callerId"":""+912262604747""}]}},{""HANGUP"":""true""}]","{""guId"":""91E7261C-0357-EA11-A811-000D3A0A91461"",""dealerCode"":""6115"",""customerMobile"":""8138961334"",""complianceAgentId"":""123455""}"
"2022-08-29 07:05:14",630c652a7a3ce,eyJhbGciOiJIUzI1NiIsInR5cCI6IkpXVCJ9.eyJzdWIiOiIxMjM0NTY3ODkwIiwibmFtZSI6Ik91dGJvdW5kLXRlc3QiLCJpYXQiOjE1MTYyMzkwMjJ9.EsfnwKJ9jR4loC4Plz0Udl-W_60lFvdTpPDvT_1H7Bg,+916282950307,+912262604715,"[{""CONNECT_GROUP"":{""participants"":[{""number"":""+916282950307"",""callerId"":""+912262604747""}]}},{""HANGUP"":""true""}]","{""guId"":""91E7261C-0357-EA11-A811-000D3A0A91461"",""dealerCode"":""6115"",""customerMobile"":""8138961334"",""complianceAgentId"":""123455""}"
"2022-08-29 07:09:00",630c660cb73d0,eyJhbGciOiJIUzI1NiIsInR5cCI6IkpXVCJ9.eyJzdWIiOiIxMjM0NTY3ODkwIiwibmFtZSI6Ik91dGJvdW5kLXRlc3QiLCJpYXQiOjE1MTYyMzkwMjJ9.EsfnwKJ9jR4loC4Plz0Udl-W_60lFvdTpPDvT_1H7Bg,+916282950307,+912262604715,"[{""CONNECT_GROUP"":{""participants"":[{""number"":""+916282950307"",""callerId"":""+912262604747""}]}},{""HANGUP"":""true""}]","{""guId"":""91E7261C-0357-EA11-A811-000D3A0A91461"",""dealerCode"":""6115"",""customerMobile"":""8138961334"",""complianceAgentId"":""123455""}"
"2022-08-29 07:09:52",630c66401f3b7,eyJhbGciOiJIUzI1NiIsInR5cCI6IkpXVCJ9.eyJzdWIiOiIxMjM0NTY3ODkwIiwibmFtZSI6Ik91dGJvdW5kLXRlc3QiLCJpYXQiOjE1MTYyMzkwMjJ9.EsfnwKJ9jR4loC4Plz0Udl-W_60lFvdTpPDvT_1H7Bg,+916282950307,+912262604715,"[{""CONNECT_GROUP"":{""participants"":[{""number"":""+916282950307"",""callerId"":""+912262604747""}]}},{""HANGUP"":""true""}]","{""guId"":""91E7261C-0357-EA11-A811-000D3A0A91461"",""dealerCode"":""6115"",""customerMobile"":""8138961334"",""complianceAgentId"":""123455""}"
"2022-08-29 07:10:46",630c66765bbb3,eyJhbGciOiJIUzI1NiIsInR5cCI6IkpXVCJ9.eyJzdWIiOiIxMjM0NTY3ODkwIiwibmFtZSI6Ik91dGJvdW5kLXRlc3QiLCJpYXQiOjE1MTYyMzkwMjJ9.EsfnwKJ9jR4loC4Plz0Udl-W_60lFvdTpPDvT_1H7Bg,+916282950307,+912262604715,"[{""CONNECT_GROUP"":{""participants"":[{""number"":""+916282950307"",""callerId"":""+912262604747""}]}},{""HANGUP"":""true""}]","{""guId"":""91E7261C-0357-EA11-A811-000D3A0A91461"",""dealerCode"":""6115"",""customerMobile"":""8138961334"",""complianceAgentId"":""123455""}"
"2022-08-29 07:32:39",630c6b953f9d6,eyJhbGciOiJIUzI1NiIsInR5cCI6IkpXVCJ9.eyJzdWIiOiIxMjM0NTY3ODkwIiwibmFtZSI6Ik91dGJvdW5kLXRlc3QiLCJpYXQiOjE1MTYyMzkwMjJ9.EsfnwKJ9jR4loC4Plz0Udl-W_60lFvdTpPDvT_1H7Bg,+916282950307,+912262604715,"[{""CONNECT_GROUP"":{""participants"":[{""number"":""+916282950307"",""callerId"":""+912262604747""}]}},{""HANGUP"":""true""}]","{""guId"":""91E7261C-0357-EA11-A811-000D3A0A91461"",""dealerCode"":""6115"",""customerMobile"":""8138961334"",""complianceAgentId"":""123455""}"
"2022-08-29 07:33:53",630c6be12396d,eyJhbGciOiJIUzI1NiIsInR5cCI6IkpXVCJ9.eyJzdWIiOiIxMjM0NTY3ODkwIiwibmFtZSI6Ik91dGJvdW5kLXRlc3QiLCJpYXQiOjE1MTYyMzkwMjJ9.EsfnwKJ9jR4loC4Plz0Udl-W_60lFvdTpPDvT_1H7Bg,+916282950307,+912262604715,"[{""CONNECT_GROUP"":{""participants"":[{""number"":""+916282950307"",""callerId"":""+912262604747""}]}},{""HANGUP"":""true""}]","{""guId"":""91E7261C-0357-EA11-A811-000D3A0A91461"",""dealerCode"":""6115"",""customerMobile"":""8138961334"",""complianceAgentId"":""123455""}"
"2022-08-29 07:41:24",630c6da340b2a,eyJhbGciOiJIUzI1NiIsInR5cCI6IkpXVCJ9.eyJzdWIiOiIxMjM0NTY3ODkwIiwibmFtZSI6Ik91dGJvdW5kLXRlc3QiLCJpYXQiOjE1MTYyMzkwMjJ9.EsfnwKJ9jR4loC4Plz0Udl-W_60lFvdTpPDvT_1H7Bg,+916282950307,+912262604715,"[{""CONNECT_GROUP"":{""participants"":[{""number"":""+916282950307"",""callerId"":""+912262604747""}]}},{""HANGUP"":""true""}]","{""guId"":""91E7261C-0357-EA11-A811-000D3A0A91461"",""dealerCode"":""6115"",""customerMobile"":""8138961334"",""complianceAgentId"":""123455""}"
"2022-08-29 07:42:22",630c6ddd79ec5,eyJhbGciOiJIUzI1NiIsInR5cCI6IkpXVCJ9.eyJzdWIiOiIxMjM0NTY3ODkwIiwibmFtZSI6Ik91dGJvdW5kLXRlc3QiLCJpYXQiOjE1MTYyMzkwMjJ9.EsfnwKJ9jR4loC4Plz0Udl-W_60lFvdTpPDvT_1H7Bg,+916282950307,+912262604715,"[{""CONNECT_GROUP"":{""participants"":[{""number"":""+916282950307"",""callerId"":""+912262604747""}]}},{""HANGUP"":""true""}]","{""guId"":""91E7261C-0357-EA11-A811-000D3A0A91461"",""dealerCode"":""6115"",""customerMobile"":""8138961334"",""complianceAgentId"":""123455""}"
"2022-08-29 07:43:21",630c6e18a839e,eyJhbGciOiJIUzI1NiIsInR5cCI6IkpXVCJ9.eyJzdWIiOiIxMjM0NTY3ODkwIiwibmFtZSI6Ik91dGJvdW5kLXRlc3QiLCJpYXQiOjE1MTYyMzkwMjJ9.EsfnwKJ9jR4loC4Plz0Udl-W_60lFvdTpPDvT_1H7Bg,+916282950307,+912262604715,"[{""CONNECT_GROUP"":{""participants"":[{""number"":""+916282950307"",""callerId"":""+912262604747""}]}},{""HANGUP"":""true""}]","{""guId"":""91E7261C-0357-EA11-A811-000D3A0A91461"",""dealerCode"":""6115"",""customerMobile"":""8138961334"",""complianceAgentId"":""123455""}"
"2022-08-29 07:44:21",630c6e54ca13f,eyJhbGciOiJIUzI1NiIsInR5cCI6IkpXVCJ9.eyJzdWIiOiIxMjM0NTY3ODkwIiwibmFtZSI6Ik91dGJvdW5kLXRlc3QiLCJpYXQiOjE1MTYyMzkwMjJ9.EsfnwKJ9jR4loC4Plz0Udl-W_60lFvdTpPDvT_1H7Bg,+916282950307,+912262604715,"[{""CONNECT_GROUP"":{""participants"":[{""number"":""+916282950307"",""callerId"":""+912262604747""}]}},{""HANGUP"":""true""}]","{""guId"":""91E7261C-0357-EA11-A811-000D3A0A91461"",""dealerCode"":""6115"",""customerMobile"":""8138961334"",""complianceAgentId"":""123455""}"
"2022-08-29 07:47:09",630c6efcccc18,eyJhbGciOiJIUzI1NiIsInR5cCI6IkpXVCJ9.eyJzdWIiOiIxMjM0NTY3ODkwIiwibmFtZSI6Ik91dGJvdW5kLXRlc3QiLCJpYXQiOjE1MTYyMzkwMjJ9.EsfnwKJ9jR4loC4Plz0Udl-W_60lFvdTpPDvT_1H7Bg,+916282950307,+912262604715,"[{""CONNECT_GROUP"":{""participants"":[{""number"":""+916282950307"",""callerId"":""+912262604747""}]}},{""HANGUP"":""true""}]","{""guId"":""91E7261C-0357-EA11-A811-000D3A0A91461"",""dealerCode"":""6115"",""customerMobile"":""8138961334"",""complianceAgentId"":""123455""}"
"2022-08-29 07:48:35",630c6f5319111,eyJhbGciOiJIUzI1NiIsInR5cCI6IkpXVCJ9.eyJzdWIiOiIxMjM0NTY3ODkwIiwibmFtZSI6Ik91dGJvdW5kLXRlc3QiLCJpYXQiOjE1MTYyMzkwMjJ9.EsfnwKJ9jR4loC4Plz0Udl-W_60lFvdTpPDvT_1H7Bg,+916282950307,+912262604715,"[{""CONNECT_GROUP"":{""participants"":[{""number"":""+916282950307"",""callerId"":""+912262604747""}]}},{""HANGUP"":""true""}]","{""guId"":""91E7261C-0357-EA11-A811-000D3A0A91461"",""dealerCode"":""6115"",""customerMobile"":""8138961334"",""complianceAgentId"":""123455""}"
"2022-09-05 07:44:21",6315a8d4c4112,eyJhbGciOiJIUzI1NiIsInR5cCI6IkpXVCJ9.eyJzdWIiOiIxMjM0NTY3ODkwIiwibmFtZSI6Ik91dGJvdW5kLXRlc3QiLCJpYXQiOjE1MTYyMzkwMjJ9.EsfnwKJ9jR4loC4Plz0Udl-W_60lFvdTpPDvT_1H7Bg,+916282950307,+912262604715,"[{""CONNECT_GROUP"":{""participants"":[{""number"":""+916282950307"",""callerId"":""+912262604747""}]}},{""HANGUP"":""true""}]","{""guId"":""91E7261C-0357-EA11-A811-000D3A0A91461"",""dealerCode"":""6115"",""customerMobile"":""8138961334"",""complianceAgentId"":""123455""}"
"2022-09-05 07:54:32",6315ab38756de,eyJhbGciOiJIUzI1NiIsInR5cCI6IkpXVCJ9.eyJzdWIiOiIxMjM0NTY3ODkwIiwibmFtZSI6Ik91dGJvdW5kLXRlc3QiLCJpYXQiOjE1MTYyMzkwMjJ9.EsfnwKJ9jR4loC4Plz0Udl-W_60lFvdTpPDvT_1H7Bg,+916282950307,+912262604715,"[{""CONNECT_GROUP"":{""participants"":[{""number"":""+916282950307"",""callerId"":""+912262604747""}]}},{""HANGUP"":""true""}]","{""guId"":""91E7261C-0357-EA11-A811-000D3A0A91461"",""dealerCode"":""6115"",""customerMobile"":""8138961334"",""complianceAgentId"":""123455""}"
"2022-09-05 07:55:46",6315ab823577e,eyJhbGciOiJIUzI1NiIsInR5cCI6IkpXVCJ9.eyJzdWIiOiIxMjM0NTY3ODkwIiwibmFtZSI6Ik91dGJvdW5kLXRlc3QiLCJpYXQiOjE1MTYyMzkwMjJ9.EsfnwKJ9jR4loC4Plz0Udl-W_60lFvdTpPDvT_1H7Bg,+916282950307,+912262604715,"[{""CONNECT_GROUP"":{""participants"":[{""number"":""+916282950307"",""callerId"":""+912262604747""}]}},{""HANGUP"":""true""}]","{""guId"":""91E7261C-0357-EA11-A811-000D3A0A91461"",""dealerCode"":""6115"",""customerMobile"":""8138961334"",""complianceAgentId"":""123455""}"
"2022-09-05 07:56:48",6315abc09088c,eyJhbGciOiJIUzI1NiIsInR5cCI6IkpXVCJ9.eyJzdWIiOiIxMjM0NTY3ODkwIiwibmFtZSI6Ik91dGJvdW5kLXRlc3QiLCJpYXQiOjE1MTYyMzkwMjJ9.EsfnwKJ9jR4loC4Plz0Udl-W_60lFvdTpPDvT_1H7Bg,+916282950307,+912262604715,"[{""CONNECT_GROUP"":{""participants"":[{""number"":""+916282950307"",""callerId"":""+912262604747""}]}},{""HANGUP"":""true""}]","{""guId"":""91E7261C-0357-EA11-A811-000D3A0A91461"",""dealerCode"":""6115"",""customerMobile"":""8138961334"",""complianceAgentId"":""123455""}"
"2022-09-05 08:11:36",6315af3811599,eyJhbGciOiJIUzI1NiIsInR5cCI6IkpXVCJ9.eyJzdWIiOiIxMjM0NTY3ODkwIiwibmFtZSI6Ik91dGJvdW5kLXRlc3QiLCJpYXQiOjE1MTYyMzkwMjJ9.EsfnwKJ9jR4loC4Plz0Udl-W_60lFvdTpPDvT_1H7Bg,+916282950307,+912262604715,"[{""CONNECT_GROUP"":{""participants"":[{""number"":""+916282950307"",""callerId"":""+912262604747""}]}},{""HANGUP"":""true""}]","{""guId"":""91E7261C-0357-EA11-A811-000D3A0A91461"",""dealerCode"":""6115"",""customerMobile"":""8138961334"",""complianceAgentId"":""123455""}"
"2022-09-09 08:36:46",631afb1db8a98,eyJhbGciOiJIUzI1NiIsInR5cCI6IkpXVCJ9.eyJzdWIiOiIxMjM0NTY3ODkwIiwibmFtZSI6Ik91dGJvdW5kLXRlc3QiLCJpYXQiOjE1MTYyMzkwMjJ9.EsfnwKJ9jR4loC4Plz0Udl-W_60lFvdTpPDvT_1H7Bg,+916282950307,+912262604715,"[{""CONNECT_GROUP"":{""participants"":[{""number"":""+916282950307"",""callerId"":""+912262604747""}]}},{""HANGUP"":""true""}]","{""guId"":""91E7261C-0357-EA11-A811-000D3A0A91461"",""dealerCode"":""6115"",""customerMobile"":""8138961334"",""complianceAgentId"":""123455""}"
"2022-09-09 08:37:52",631afb5fe89f1,eyJhbGciOiJIUzI1NiIsInR5cCI6IkpXVCJ9.eyJzdWIiOiIxMjM0NTY3ODkwIiwibmFtZSI6Ik91dGJvdW5kLXRlc3QiLCJpYXQiOjE1MTYyMzkwMjJ9.EsfnwKJ9jR4loC4Plz0Udl-W_60lFvdTpPDvT_1H7Bg,+916282950307,+912262604715,"[{""CONNECT_GROUP"":{""participants"":[{""number"":""+916282950307"",""callerId"":""+912262604747""}]}},{""HANGUP"":""true""}]","{""guId"":""91E7261C-0357-EA11-A811-000D3A0A91461"",""dealerCode"":""6115"",""customerMobile"":""8138961334"",""complianceAgentId"":""123455""}"
"2022-09-20 05:31:13",632950209d471,eyJhbGciOiJIUzI1NiIsInR5cCI6IkpXVCJ9.eyJzdWIiOiIxMjM0NTY3ODkwIiwibmFtZSI6Ik91dGJvdW5kLXRlc3QiLCJpYXQiOjE1MTYyMzkwMjJ9.EsfnwKJ9jR4loC4Plz0Udl-W_60lFvdTpPDvT_1H7Bg,+916282950307,+912262604715,"[{""CONNECT_GROUP"":{""participants"":[{""number"":""+916282950307"",""callerId"":""+912262604747""}]}},{""HANGUP"":""true""}]","{""guId"":""91E7261C-0357-EA11-A811-000D3A0A91461"",""dealerCode"":""6115"",""customerMobile"":""8138961334"",""complianceAgentId"":""123455""}"
"2022-10-06 07:46:10",633e87c1e10d7,eyJhbGciOiJIUzI1NiIsInR5cCI6IkpXVCJ9.eyJzdWIiOiIxMjM0NTY3ODkwIiwibmFtZSI6Ik91dGJvdW5kLXRlc3QiLCJpYXQiOjE1MTYyMzkwMjJ9.EsfnwKJ9jR4loC4Plz0Udl-W_60lFvdTpPDvT_1H7Bg,+916282950307,+912262604715,"[{""HANGUP"":""true""}]","{""guId"":""91E7261C-0357-EA11-A811-000D3A0A91461"",""dealerCode"":""6115"",""customerMobile"":""8138961334"",""complianceAgentId"":""123455""}"
"2022-10-06 07:48:21",633e884466b44,eyJhbGciOiJIUzI1NiIsInR5cCI6IkpXVCJ9.eyJzdWIiOiIxMjM0NTY3ODkwIiwibmFtZSI6Ik91dGJvdW5kLXRlc3QiLCJpYXQiOjE1MTYyMzkwMjJ9.EsfnwKJ9jR4loC4Plz0Udl-W_60lFvdTpPDvT_1H7Bg,+916282950307,+912262604715,"[{""HANGUP"":""true""}]","{""guId"":""91E7261C-0357-EA11-A811-000D3A0A91461"",""dealerCode"":""6115"",""customerMobile"":""8138961334"",""complianceAgentId"":""123455""}"
"2022-11-01 13:20:43",63611d2a94694,eyJhbGciOiJIUzI1NiIsInR5cCI6IkpXVCJ9.eyJzdWIiOiIxMjM0NTY3ODkwIiwibmFtZSI6Ik91dGJvdW5kLXRlc3QiLCJpYXQiOjE1MTYyMzkwMjJ9.EsfnwKJ9jR4loC4Plz0Udl-W_60lFvdTpPDvT_1H7Bg,+916282950307,+912262604715,"[{""HANGUP"":""true""}]","{""guId"":""91E7261C-0357-EA11-A811-000D3A0A91461"",""dealerCode"":""6115"",""customerMobile"":""8138961334"",""complianceAgentId"":""123455""}"
"2022-11-01 13:22:35",63611d9b92193,eyJhbGciOiJIUzI1NiIsInR5cCI6IkpXVCJ9.eyJzdWIiOiIxMjM0NTY3ODkwIiwibmFtZSI6Ik91dGJvdW5kLXRlc3QiLCJpYXQiOjE1MTYyMzkwMjJ9.EsfnwKJ9jR4loC4Plz0Udl-W_60lFvdTpPDvT_1H7Bg,+916282950307,+912262604715,"[{""HANGUP"":""true""}]","{""guId"":""91E7261C-0357-EA11-A811-000D3A0A91461"",""dealerCode"":""6115"",""customerMobile"":""8138961334"",""complianceAgentId"":""123455""}"
"2022-11-01 13:23:35",63611dd6e29d8,eyJhbGciOiJIUzI1NiIsInR5cCI6IkpXVCJ9.eyJzdWIiOiIxMjM0NTY3ODkwIiwibmFtZSI6Ik91dGJvdW5kLXRlc3QiLCJpYXQiOjE1MTYyMzkwMjJ9.EsfnwKJ9jR4loC4Plz0Udl-W_60lFvdTpPDvT_1H7Bg,+916282950307,+912262604715,"[{""HANGUP"":""true""}]","{""guId"":""91E7261C-0357-EA11-A811-000D3A0A91461"",""dealerCode"":""6115"",""customerMobile"":""8138961334"",""complianceAgentId"":""123455""}"
"2022-11-01 13:26:03",63611e6b0545c,eyJhbGciOiJIUzI1NiIsInR5cCI6IkpXVCJ9.eyJzdWIiOiIxMjM0NTY3ODkwIiwibmFtZSI6Ik91dGJvdW5kLXRlc3QiLCJpYXQiOjE1MTYyMzkwMjJ9.EsfnwKJ9jR4loC4Plz0Udl-W_60lFvdTpPDvT_1H7Bg,+916282950307,+912262604715,"[{""HANGUP"":""true""}]","{""guId"":""91E7261C-0357-EA11-A811-000D3A0A91461"",""dealerCode"":""6115"",""customerMobile"":""8138961334"",""complianceAgentId"":""123455""}"
"2022-11-01 13:27:03",63611ea78a7cf,eyJhbGciOiJIUzI1NiIsInR5cCI6IkpXVCJ9.eyJzdWIiOiIxMjM0NTY3ODkwIiwibmFtZSI6Ik91dGJvdW5kLXRlc3QiLCJpYXQiOjE1MTYyMzkwMjJ9.EsfnwKJ9jR4loC4Plz0Udl-W_60lFvdTpPDvT_1H7Bg,+916282950307,+912262604715,"[{""HANGUP"":""true""}]","{""guId"":""91E7261C-0357-EA11-A811-000D3A0A91461"",""dealerCode"":""6115"",""customerMobile"":""8138961334"",""complianceAgentId"":""123455""}"
"2022-11-01 13:28:59",63611f1b66a8a,eyJhbGciOiJIUzI1NiIsInR5cCI6IkpXVCJ9.eyJzdWIiOiIxMjM0NTY3ODkwIiwibmFtZSI6Ik91dGJvdW5kLXRlc3QiLCJpYXQiOjE1MTYyMzkwMjJ9.EsfnwKJ9jR4loC4Plz0Udl-W_60lFvdTpPDvT_1H7Bg,+916282950307,+912262604715,"[{""CONNECT_GROUP"":{""statergy"":""PRIORITY"",""gatewayId"":1,""participants"":[{""name"":"""",""number"":""+916282950307"",""timeout"":""25""}]}},{""HANGUP"":""true""}]","{""guId"":""91E7261C-0357-EA11-A811-000D3A0A91461"",""dealerCode"":""6115"",""customerMobile"":""8138961334"",""complianceAgentId"":""123455""}"
"2022-11-01 13:29:54",63611f51c261d,eyJhbGciOiJIUzI1NiIsInR5cCI6IkpXVCJ9.eyJzdWIiOiIxMjM0NTY3ODkwIiwibmFtZSI6Ik91dGJvdW5kLXRlc3QiLCJpYXQiOjE1MTYyMzkwMjJ9.EsfnwKJ9jR4loC4Plz0Udl-W_60lFvdTpPDvT_1H7Bg,+916282950307,+912262604715,"[{""CONNECT_GROUP"":{""statergy"":""PRIORITY"",""gatewayId"":1,""participants"":[{""name"":"""",""number"":""+916282950307"",""timeout"":""25""}]}},{""HANGUP"":""true""}]","{""guId"":""91E7261C-0357-EA11-A811-000D3A0A91461"",""dealerCode"":""6115"",""customerMobile"":""8138961334"",""complianceAgentId"":""123455""}"
"2022-11-01 13:31:58",63611fcddf038,eyJhbGciOiJIUzI1NiIsInR5cCI6IkpXVCJ9.eyJzdWIiOiIxMjM0NTY3ODkwIiwibmFtZSI6Ik91dGJvdW5kLXRlc3QiLCJpYXQiOjE1MTYyMzkwMjJ9.EsfnwKJ9jR4loC4Plz0Udl-W_60lFvdTpPDvT_1H7Bg,+916282950307,+912262604715,"[{""CONNECT_GROUP"":{""statergy"":""PRIORITY"",""gatewayId"":1,""participants"":[{""name"":"""",""number"":""+916282950307"",""timeout"":""25""}]}},{""HANGUP"":""true""}]","{""guId"":""91E7261C-0357-EA11-A811-000D3A0A91461"",""dealerCode"":""6115"",""customerMobile"":""8138961334"",""complianceAgentId"":""123455""}"
"2022-11-01 13:32:40",63611ff801aac,eyJhbGciOiJIUzI1NiIsInR5cCI6IkpXVCJ9.eyJzdWIiOiIxMjM0NTY3ODkwIiwibmFtZSI6Ik91dGJvdW5kLXRlc3QiLCJpYXQiOjE1MTYyMzkwMjJ9.EsfnwKJ9jR4loC4Plz0Udl-W_60lFvdTpPDvT_1H7Bg,+916282950307,+912262604715,"[{""CONNECT_GROUP"":{""statergy"":""PRIORITY"",""gatewayId"":1,""participants"":[{""name"":"""",""number"":""+916282950307"",""timeout"":""25""}]}},{""HANGUP"":""true""}]","{""guId"":""91E7261C-0357-EA11-A811-000D3A0A91461"",""dealerCode"":""6115"",""customerMobile"":""8138961334"",""complianceAgentId"":""123455""}"
"2022-11-01 13:33:05",63612011477c5,eyJhbGciOiJIUzI1NiIsInR5cCI6IkpXVCJ9.eyJzdWIiOiIxMjM0NTY3ODkwIiwibmFtZSI6Ik91dGJvdW5kLXRlc3QiLCJpYXQiOjE1MTYyMzkwMjJ9.EsfnwKJ9jR4loC4Plz0Udl-W_60lFvdTpPDvT_1H7Bg,+916282950307,+912262604715,"[{""CONNECT_GROUP"":{""statergy"":""PRIORITY"",""gatewayId"":1,""participants"":[{""name"":"""",""number"":""+916282950307"",""timeout"":""25""}]}},{""HANGUP"":""true""}]","{""guId"":""91E7261C-0357-EA11-A811-000D3A0A91461"",""dealerCode"":""6115"",""customerMobile"":""8138961334"",""complianceAgentId"":""123455""}"
"2022-11-01 13:34:06",6361204e6769d,eyJhbGciOiJIUzI1NiIsInR5cCI6IkpXVCJ9.eyJzdWIiOiIxMjM0NTY3ODkwIiwibmFtZSI6Ik91dGJvdW5kLXRlc3QiLCJpYXQiOjE1MTYyMzkwMjJ9.EsfnwKJ9jR4loC4Plz0Udl-W_60lFvdTpPDvT_1H7Bg,+916282950307,+912262604715,"[{""CONNECT_GROUP"":{""statergy"":""PRIORITY"",""gatewayId"":1,""participants"":[{""name"":"""",""number"":""+916282950307"",""timeout"":""25""}]}},{""HANGUP"":""true""}]","{""guId"":""91E7261C-0357-EA11-A811-000D3A0A91461"",""dealerCode"":""6115"",""customerMobile"":""8138961334"",""complianceAgentId"":""123455""}"
"2022-11-01 13:36:01",636120c0b8a28,eyJhbGciOiJIUzI1NiIsInR5cCI6IkpXVCJ9.eyJzdWIiOiIxMjM0NTY3ODkwIiwibmFtZSI6Ik91dGJvdW5kLXRlc3QiLCJpYXQiOjE1MTYyMzkwMjJ9.EsfnwKJ9jR4loC4Plz0Udl-W_60lFvdTpPDvT_1H7Bg,+916282950307,+912262604715,"[{""CONNECT_GROUP"":{""statergy"":""PRIORITY"",""gatewayId"":1,""participants"":[{""name"":"""",""number"":""+916282950307"",""timeout"":""25""}]}},{""HANGUP"":""true""}]","{""guId"":""91E7261C-0357-EA11-A811-000D3A0A91461"",""dealerCode"":""6115"",""customerMobile"":""8138961334"",""complianceAgentId"":""123455""}"
"2022-11-01 13:36:39",636120e74bc3b,eyJhbGciOiJIUzI1NiIsInR5cCI6IkpXVCJ9.eyJzdWIiOiIxMjM0NTY3ODkwIiwibmFtZSI6Ik91dGJvdW5kLXRlc3QiLCJpYXQiOjE1MTYyMzkwMjJ9.EsfnwKJ9jR4loC4Plz0Udl-W_60lFvdTpPDvT_1H7Bg,+916282950307,+912262604715,"[{""CONNECT_GROUP"":{""statergy"":""PRIORITY"",""gatewayId"":1,""participants"":[{""name"":"""",""number"":""+916282950307"",""timeout"":""25""}]}},{""HANGUP"":""true""}]","{""guId"":""91E7261C-0357-EA11-A811-000D3A0A91461"",""dealerCode"":""6115"",""customerMobile"":""8138961334"",""complianceAgentId"":""123455""}"
"2022-11-01 13:48:40",636123b781c9b,eyJhbGciOiJIUzI1NiIsInR5cCI6IkpXVCJ9.eyJzdWIiOiIxMjM0NTY3ODkwIiwibmFtZSI6Ik91dGJvdW5kLXRlc3QiLCJpYXQiOjE1MTYyMzkwMjJ9.EsfnwKJ9jR4loC4Plz0Udl-W_60lFvdTpPDvT_1H7Bg,+916282950307,+912262604715,"[{""CONNECT_GROUP"":{""statergy"":""PRIORITY"",""gatewayId"":1,""participants"":[{""name"":"""",""number"":""+916282950307"",""timeout"":""25""}]}},{""HANGUP"":""true""}]","{""guId"":""91E7261C-0357-EA11-A811-000D3A0A91461"",""dealerCode"":""6115"",""customerMobile"":""8138961334"",""complianceAgentId"":""123455""}"
"2022-11-01 13:51:14",636124529e127,eyJhbGciOiJIUzI1NiIsInR5cCI6IkpXVCJ9.eyJzdWIiOiIxMjM0NTY3ODkwIiwibmFtZSI6Ik91dGJvdW5kLXRlc3QiLCJpYXQiOjE1MTYyMzkwMjJ9.EsfnwKJ9jR4loC4Plz0Udl-W_60lFvdTpPDvT_1H7Bg,+916282950307,+912262604715,"[{""CONNECT_GROUP"":{""statergy"":""PRIORITY"",""gatewayId"":1,""participants"":[{""name"":"""",""number"":""+916282950307"",""timeout"":""25""}]}},{""HANGUP"":""true""}]","{""guId"":""91E7261C-0357-EA11-A811-000D3A0A91461"",""dealerCode"":""6115"",""customerMobile"":""8138961334"",""complianceAgentId"":""123455""}"
"2022-11-01 13:51:51",63612476eb260,eyJhbGciOiJIUzI1NiIsInR5cCI6IkpXVCJ9.eyJzdWIiOiIxMjM0NTY3ODkwIiwibmFtZSI6Ik91dGJvdW5kLXRlc3QiLCJpYXQiOjE1MTYyMzkwMjJ9.EsfnwKJ9jR4loC4Plz0Udl-W_60lFvdTpPDvT_1H7Bg,+916282950307,+912262604715,"[{""CONNECT_GROUP"":{""statergy"":""PRIORITY"",""gatewayId"":1,""participants"":[{""name"":"""",""number"":""+916282950307"",""timeout"":""25""}]}},{""HANGUP"":""true""}]","{""guId"":""91E7261C-0357-EA11-A811-000D3A0A91461"",""dealerCode"":""6115"",""customerMobile"":""8138961334"",""complianceAgentId"":""123455""}"
"2023-01-27 08:27:21",63d38ae89a06d,eyJhbGciOiJIUzI1NiIsInR5cCI6IkpXVCJ9.eyJzdWIiOiIxMjM0NTY3ODkwIiwibmFtZSI6Ik91dGJvdW5kLXRlc3QiLCJpYXQiOjE1MTYyMzkwMjJ9.EsfnwKJ9jR4loC4Plz0Udl-W_60lFvdTpPDvT_1H7Bg,+916282950307,+912262604715,"[{""CONNECT_GROUP"":{""statergy"":""PRIORITY"",""gatewayId"":1,""participants"":[{""name"":"""",""number"":""+916282950307"",""timeout"":""25""}]}},{""HANGUP"":""true""}]","{""guId"":""91E7261C-0357-EA11-A811-000D3A0A91461"",""dealerCode"":""6115"",""customerMobile"":""8138961334"",""complianceAgentId"":""123455""}"
"2023-01-27 08:30:35",63d38bab4e208,eyJhbGciOiJIUzI1NiIsInR5cCI6IkpXVCJ9.eyJzdWIiOiIxMjM0NTY3ODkwIiwibmFtZSI6Ik91dGJvdW5kLXRlc3QiLCJpYXQiOjE1MTYyMzkwMjJ9.EsfnwKJ9jR4loC4Plz0Udl-W_60lFvdTpPDvT_1H7Bg,+916282950307,+912262604715,"[{""CONNECT_GROUP"":{""statergy"":""PRIORITY"",""gatewayId"":1,""participants"":[{""name"":"""",""number"":""+916282950307"",""timeout"":""25""}]}},{""HANGUP"":""true""}]","{""guId"":""91E7261C-0357-EA11-A811-000D3A0A91461"",""dealerCode"":""6115"",""customerMobile"":""8138961334"",""complianceAgentId"":""123455""}"
"2023-01-27 08:31:03",63d38bc7b52f4,eyJhbGciOiJIUzI1NiIsInR5cCI6IkpXVCJ9.eyJzdWIiOiIxMjM0NTY3ODkwIiwibmFtZSI6Ik91dGJvdW5kLXRlc3QiLCJpYXQiOjE1MTYyMzkwMjJ9.EsfnwKJ9jR4loC4Plz0Udl-W_60lFvdTpPDvT_1H7Bg,+916282950307,+912262604715,"[{""CONNECT_GROUP"":{""statergy"":""PRIORITY"",""gatewayId"":1,""participants"":[{""name"":"""",""number"":""+916282950307"",""timeout"":""25""}]}},{""HANGUP"":""true""}]","{""guId"":""91E7261C-0357-EA11-A811-000D3A0A91461"",""dealerCode"":""6115"",""customerMobile"":""8138961334"",""complianceAgentId"":""123455""}"
"2023-01-27 08:33:45",63d38c695d5dd,eyJhbGciOiJIUzI1NiIsInR5cCI6IkpXVCJ9.eyJzdWIiOiIxMjM0NTY3ODkwIiwibmFtZSI6Ik91dGJvdW5kLXRlc3QiLCJpYXQiOjE1MTYyMzkwMjJ9.EsfnwKJ9jR4loC4Plz0Udl-W_60lFvdTpPDvT_1H7Bg,+916282950307,+912262604715,"[{""CONNECT_GROUP"":{""statergy"":""PRIORITY"",""gatewayId"":1,""participants"":[{""name"":"""",""number"":""+916282950307"",""timeout"":""25""}]}},{""HANGUP"":""true""}]","{""guId"":""91E7261C-0357-EA11-A811-000D3A0A91461"",""dealerCode"":""6115"",""customerMobile"":""8138961334"",""complianceAgentId"":""123455""}"
"2023-04-12 07:53:46",6436638abb8f1,eyJhbGciOiJIUzI1NiIsInR5cCI6IkpXVCJ9.eyJzdWIiOiIxMjM0NTY3ODkwIiwibmFtZSI6IkRpYWxlciIsImlhdCI6MTUxNjIzOTAyMn0.3zvoGy50DUB1hgYmbU3WIgZoz2n-1jDP1APjrYnz5Bg,+916282950307,+917947044908,"[{""CONNECT_GROUP"":{""participants"":[{""number"":""+918281905203"",""callerId"":""+917947044908""}]}},{""HANGUP"":""true""}]","{""did"":""e3ry74w8y"",""customerMobile"":""+916282950307""}"
"2023-04-12 07:54:45",643663c55947d,eyJhbGciOiJIUzI1NiIsInR5cCI6IkpXVCJ9.eyJzdWIiOiIxMjM0NTY3ODkwIiwibmFtZSI6IkRpYWxlciIsImlhdCI6MTUxNjIzOTAyMn0.3zvoGy50DUB1hgYmbU3WIgZoz2n-1jDP1APjrYnz5Bg,+916282950307,+917947044908,"[{""CONNECT_GROUP"":{""participants"":[{""number"":""+918281905203"",""callerId"":""+917947044908""}]}},{""HANGUP"":""true""}]","{""did"":""e3ry74w8y"",""customerMobile"":""+916282950307""}"
"2023-04-12 07:56:14",6436641e6b3b2,eyJhbGciOiJIUzI1NiIsInR5cCI6IkpXVCJ9.eyJzdWIiOiIxMjM0NTY3ODkwIiwibmFtZSI6IkRpYWxlciIsImlhdCI6MTUxNjIzOTAyMn0.3zvoGy50DUB1hgYmbU3WIgZoz2n-1jDP1APjrYnz5Bg,+916282950307,+917947044908,"[{""CONNECT_GROUP"":{""participants"":[{""number"":""+918281905203"",""callerId"":""+917947044908""}]}},{""HANGUP"":""true""}]","{""did"":""e3ry74w8y"",""customerMobile"":""+916282950307""}"
"2023-04-12 07:57:52",6436648057bf5,eyJhbGciOiJIUzI1NiIsInR5cCI6IkpXVCJ9.eyJzdWIiOiIxMjM0NTY3ODkwIiwibmFtZSI6IkRpYWxlciIsImlhdCI6MTUxNjIzOTAyMn0.3zvoGy50DUB1hgYmbU3WIgZoz2n-1jDP1APjrYnz5Bg,+916282950307,+917947044908,"[{""CONNECT_GROUP"":{""participants"":[{""number"":""+918281905203"",""callerId"":""+917947044908""}]}},{""HANGUP"":""true""}]","{""did"":""e3ry74w8y"",""customerMobile"":""+916282950307""}"
"2023-04-12 08:07:50",643666d694620,eyJhbGciOiJIUzI1NiIsInR5cCI6IkpXVCJ9.eyJzdWIiOiIxMjM0NTY3ODkwIiwibmFtZSI6IkRpYWxlciIsImlhdCI6MTUxNjIzOTAyMn0.3zvoGy50DUB1hgYmbU3WIgZoz2n-1jDP1APjrYnz5Bg,+916282950307,+917947044908,"[{""CONNECT_GROUP"":{""participants"":[{""number"":""+918281905203"",""callerId"":""+917947044908""}]}},{""HANGUP"":""true""}]","{""did"":""e3ry74w8y"",""customerMobile"":""+916282950307""}"
"2023-04-12 09:20:00",643677c096df5,eyJhbGciOiJIUzI1NiIsInR5cCI6IkpXVCJ9.eyJzdWIiOiIxMjM0NTY3ODkwIiwibmFtZSI6IkRpYWxlciIsImlhdCI6MTUxNjIzOTAyMn0.3zvoGy50DUB1hgYmbU3WIgZoz2n-1jDP1APjrYnz5Bg,+916282950307,+917947044908,"[{""CONNECT_GROUP"":{""participants"":[{""number"":""+918281905203"",""callerId"":""+917947044908""}]}},{""HANGUP"":""true""}]","{""did"":""e3ry74w8y"",""customerMobile"":""+916282950307""}"
"2023-04-12 10:13:07",64368432bd9e0,eyJhbGciOiJIUzI1NiIsInR5cCI6IkpXVCJ9.eyJzdWIiOiIxMjM0NTY3ODkwIiwibmFtZSI6IkRpYWxlciIsImlhdCI6MTUxNjIzOTAyMn0.3zvoGy50DUB1hgYmbU3WIgZoz2n-1jDP1APjrYnz5Bg,+916282950307,+917947044908,"[{""CONNECT_GROUP"":{""participants"":[{""number"":""+918281905203"",""callerId"":""+917947044908""}]}},{""HANGUP"":""true""}]","{""did"":""e3ry74w8y"",""customerMobile"":""+916282950307""}"
"2023-04-12 10:13:37",64368451427b3,eyJhbGciOiJIUzI1NiIsInR5cCI6IkpXVCJ9.eyJzdWIiOiIxMjM0NTY3ODkwIiwibmFtZSI6IkRpYWxlciIsImlhdCI6MTUxNjIzOTAyMn0.3zvoGy50DUB1hgYmbU3WIgZoz2n-1jDP1APjrYnz5Bg,+916282950307,+917947044908,"[{""CONNECT_GROUP"":{""participants"":[{""number"":""+918281905203"",""callerId"":""+917947044908""}]}},{""HANGUP"":""true""}]","{""did"":""e3ry74w8y"",""customerMobile"":""+916282950307""}"
"2023-04-12 10:13:37",6436845159e5c,eyJhbGciOiJIUzI1NiIsInR5cCI6IkpXVCJ9.eyJzdWIiOiIxMjM0NTY3ODkwIiwibmFtZSI6IkRpYWxlciIsImlhdCI6MTUxNjIzOTAyMn0.3zvoGy50DUB1hgYmbU3WIgZoz2n-1jDP1APjrYnz5Bg,+916282950307,+917947044908,"[{""CONNECT_GROUP"":{""participants"":[{""number"":""+918281905203"",""callerId"":""+917947044908""}]}},{""HANGUP"":""true""}]","{""did"":""e3ry74w8y"",""customerMobile"":""+916282950307""}"
"2023-04-12 10:13:37",64368451715cf,eyJhbGciOiJIUzI1NiIsInR5cCI6IkpXVCJ9.eyJzdWIiOiIxMjM0NTY3ODkwIiwibmFtZSI6IkRpYWxlciIsImlhdCI6MTUxNjIzOTAyMn0.3zvoGy50DUB1hgYmbU3WIgZoz2n-1jDP1APjrYnz5Bg,+916282950307,+917947044908,"[{""CONNECT_GROUP"":{""participants"":[{""number"":""+918281905203"",""callerId"":""+917947044908""}]}},{""HANGUP"":""true""}]","{""did"":""e3ry74w8y"",""customerMobile"":""+916282950307""}"
